starting_price,duration,category,market_avg,bid_count,seller_rating,final_price
1360,2,Vehicles,3510,15,3.1,3318
4272,3,Electronics,5428,4,4.4,7377
3592,1,Electronics,2231,4,4.3,6305
966,9,Vehicles,5582,18,3.5,2670
4926,8,Electronics,3690,17,4.4,8770
3944,2,Vehicles,5193,19,4.9,7937
3671,13,Furniture,1843,11,3.1,7084
3419,9,Furniture,1633,3,3.6,6041
630,7,Furniture,2160,8,3.9,1895
2185,9,Vehicles,3423,14,4.8,4877
1269,6,Furniture,3212,1,4.9,2490
2891,6,Electronics,985,14,3.9,5723
2933,11,Furniture,964,2,4.5,5699
1684,4,Furniture,3067,4,4.1,3256
3885,10,Furniture,4147,19,4.1,7944
4617,10,Electronics,5616,6,3.6,8108
3404,13,Vehicles,2462,1,3.4,5602
974,13,Electronics,3748,17,3.6,2520
1582,2,Vehicles,3081,8,4.1,3112
3058,7,Vehicles,2969,19,3.1,6705
2547,5,Furniture,740,1,4.8,4591
3247,11,Vehicles,767,5,3.3,5575
1475,6,Electronics,1687,16,3.4,3735
2306,2,Electronics,4708,6,4.0,4278
689,5,Vehicles,3898,8,4.4,1884
3234,10,Furniture,5490,13,3.2,6324
3505,4,Furniture,3224,16,3.6,6864
2399,9,Electronics,1785,3,4.9,3796
1767,6,Furniture,3179,19,3.5,3920
2028,2,Vehicles,2393,12,3.6,3968
3702,1,Vehicles,3015,16,4.7,6552
4056,5,Electronics,5854,11,3.1,6986
4390,9,Vehicles,1478,10,3.9,7246
1146,6,Electronics,5289,4,3.8,2092
3388,10,Vehicles,2285,12,3.6,5863
2935,12,Electronics,2192,2,3.6,4109
1100,7,Furniture,1360,19,3.2,2970
2863,5,Vehicles,2048,5,3.6,5512
2561,10,Vehicles,1999,8,3.1,4897
741,6,Electronics,4640,7,4.6,1859
2541,5,Electronics,2686,14,3.8,4261
3324,11,Vehicles,2744,3,3.9,4931
3112,9,Electronics,4216,18,4.8,6132
1863,6,Vehicles,1758,16,4.3,3697
1978,11,Furniture,1676,19,3.0,4269
3056,8,Electronics,5277,19,4.9,5531
1275,2,Vehicles,1427,18,3.5,3429
4514,12,Furniture,3227,16,3.2,7612
534,13,Furniture,3836,8,4.5,1569
3652,9,Vehicles,5827,1,4.0,6612
2455,5,Electronics,1042,17,3.9,4691
2085,7,Vehicles,2147,12,3.5,3591
4443,10,Furniture,3079,11,4.1,7812
3573,13,Vehicles,4359,5,3.5,6134
1521,1,Electronics,1226,12,4.8,3557
3961,10,Furniture,2596,17,3.4,6514
3113,5,Vehicles,5454,6,4.8,5344
4343,12,Electronics,2773,1,4.1,6407
2000,10,Furniture,5615,5,4.7,3217
661,2,Electronics,1105,14,4.4,2280
4797,12,Furniture,2273,5,4.4,8544
2481,6,Vehicles,5300,1,3.6,3835
1495,11,Electronics,4440,18,3.5,3581
3842,1,Furniture,4974,16,3.4,6214
4298,3,Electronics,4927,9,4.7,8373
1775,5,Electronics,2546,19,4.6,3662
1516,4,Vehicles,2178,5,3.9,2462
837,3,Electronics,3095,2,3.3,1686
1378,10,Furniture,1471,15,3.8,3265
1576,13,Furniture,1278,7,4.2,3208
4493,5,Furniture,3601,4,3.9,6128
879,11,Furniture,893,1,4.6,1730
992,8,Vehicles,2707,13,5.0,2637
2562,11,Electronics,1885,7,3.4,4097
4384,4,Vehicles,3094,15,3.9,8696
564,1,Electronics,3698,14,3.9,1796
3068,11,Electronics,2492,19,3.6,5888
2527,7,Electronics,1810,18,3.4,5320
3195,8,Vehicles,4705,10,3.1,5145
1995,3,Electronics,2961,9,4.8,4071
891,6,Vehicles,4436,8,3.8,2292
4974,2,Furniture,4493,10,4.0,7436
4061,7,Furniture,2636,17,4.8,8438
2778,8,Electronics,5575,2,4.6,4816
3599,6,Vehicles,5057,6,3.3,5594
700,6,Furniture,1429,5,4.1,1680
3604,5,Vehicles,5078,9,3.9,5839
2954,8,Vehicles,4151,5,4.6,5539
4145,1,Electronics,5157,18,4.4,8294
1304,10,Furniture,5236,9,4.4,3106
3231,4,Electronics,2840,17,3.7,7008
3273,4,Electronics,2344,17,4.6,6791
2070,3,Furniture,3500,12,3.1,4140
3190,3,Furniture,5662,7,3.3,5157
4340,4,Vehicles,841,3,3.7,7146
1528,11,Furniture,2155,10,3.2,2691
1002,1,Vehicles,5496,2,3.5,2100
4993,11,Vehicles,5793,3,4.7,7947
1370,13,Vehicles,2796,16,4.9,2950
4988,11,Furniture,2025,2,3.6,6632
706,2,Electronics,5676,10,3.5,1861
1984,9,Vehicles,1913,6,3.6,3735
1363,10,Electronics,1859,11,3.6,2925
3290,2,Electronics,5350,7,3.1,5830
1063,5,Furniture,5199,15,4.9,2821
4691,9,Electronics,5687,6,3.4,8131
2257,9,Electronics,5397,9,3.8,3835
2178,8,Furniture,1040,12,3.0,3661
3742,1,Vehicles,4528,19,4.7,7249
1559,1,Electronics,2668,3,4.5,2924
2222,9,Furniture,1403,15,4.9,3942
3814,13,Electronics,5113,2,4.6,6007
3657,11,Electronics,3129,2,3.6,5081
3125,8,Vehicles,2500,3,3.5,5246
3229,10,Electronics,5612,6,4.4,5381
2097,9,Furniture,5348,15,3.7,4407
3560,7,Electronics,1555,10,4.1,6902
3193,3,Vehicles,2512,9,3.0,5155
4127,3,Vehicles,3566,1,3.1,7694
1863,2,Furniture,4342,16,4.1,4044
2481,5,Vehicles,882,6,4.1,4607
2163,12,Electronics,3812,9,4.5,4378
2029,12,Vehicles,5192,4,3.3,3776
2538,3,Furniture,2217,2,4.0,4323
3802,6,Vehicles,5702,4,3.4,6080
2737,2,Vehicles,2056,1,3.2,3742
1806,12,Vehicles,2874,19,3.8,3521
4529,3,Furniture,4329,10,3.3,7237
3175,5,Vehicles,4328,15,3.4,5535
1782,12,Vehicles,4796,19,3.6,3862
1209,11,Electronics,3939,16,3.5,2701
4913,11,Furniture,4391,4,3.2,8591
4248,1,Vehicles,718,2,3.2,7701
1163,13,Furniture,4103,13,3.4,3040
2498,1,Vehicles,5379,1,3.1,4095
3945,10,Vehicles,5251,17,4.3,7672
4243,9,Vehicles,3704,13,3.6,8279
1995,7,Electronics,1832,4,3.6,3454
3804,1,Electronics,4039,7,3.7,5991
4263,12,Electronics,4011,17,4.3,8791
2353,8,Furniture,4072,9,4.7,4471
1791,3,Furniture,1687,4,4.5,3333
4081,8,Electronics,4021,19,4.5,6734
3957,5,Furniture,5315,1,4.0,5455
2136,1,Vehicles,5654,10,4.4,4582
4196,7,Vehicles,873,4,4.1,7191
3499,5,Vehicles,4441,9,3.4,5672
3652,6,Electronics,3752,13,3.4,5792
1198,6,Furniture,1426,14,3.6,2896
2660,8,Electronics,4460,10,4.8,5103
4597,9,Furniture,2575,6,4.1,6797
1354,2,Vehicles,4733,16,4.5,3566
3974,9,Electronics,1689,6,3.7,5639
2207,12,Furniture,4444,17,3.8,4349
3277,11,Furniture,3386,10,3.3,6100
2233,10,Vehicles,1119,18,3.3,4276
4010,9,Electronics,1293,18,4.7,8173
702,13,Electronics,2474,3,4.2,1724
3755,10,Electronics,3159,15,3.7,7403
4718,10,Vehicles,1635,15,4.6,7208
4996,7,Electronics,5903,4,3.5,6966
1266,1,Vehicles,5932,9,5.0,2686
4889,7,Vehicles,4508,19,3.7,8706
2827,10,Vehicles,1031,17,3.7,5881
3431,5,Furniture,4149,11,3.6,6749
697,6,Electronics,3402,9,3.2,1900
2430,10,Electronics,4706,10,3.2,5089
4082,7,Vehicles,5754,18,4.3,8037
1108,5,Vehicles,4568,13,4.8,2663
3772,7,Electronics,4900,8,4.6,5986
1647,9,Vehicles,901,7,3.3,3344
4782,3,Electronics,3197,17,4.1,7551
3897,8,Furniture,2542,15,3.2,5963
3011,2,Vehicles,2566,15,3.1,5634
2294,11,Electronics,2696,1,4.3,4363
1159,7,Vehicles,1609,14,4.1,2571
3311,13,Electronics,5005,5,3.2,6116
1869,2,Electronics,5358,11,3.1,4012
2486,4,Vehicles,3889,16,5.0,5002
646,7,Furniture,1470,2,3.1,1207
3719,3,Electronics,3855,8,3.9,5642
3411,2,Electronics,3201,11,4.0,6491
2234,11,Electronics,3414,18,3.2,4854
2343,10,Furniture,5424,3,3.3,4554
988,7,Furniture,4285,1,3.7,1951
3476,1,Vehicles,2328,11,4.5,5430
2459,8,Furniture,1086,16,4.0,4329
2885,3,Vehicles,4121,18,4.3,6040
3419,12,Vehicles,5900,16,5.0,5779
2302,12,Furniture,4708,10,4.5,4165
4561,13,Vehicles,4793,18,3.9,8096
3869,2,Furniture,5063,6,3.9,5390
762,3,Vehicles,3166,19,4.2,2398
1123,5,Furniture,2982,4,4.3,2252
1516,11,Furniture,2556,13,4.0,3123
4143,8,Vehicles,2698,14,4.3,6440
2549,10,Electronics,1936,3,3.0,4622
4223,7,Vehicles,5369,10,3.9,8017
3608,7,Furniture,4844,6,3.6,5546
4590,12,Electronics,1850,1,3.3,8020
2556,7,Vehicles,5018,14,3.2,4678
3670,8,Vehicles,2131,8,4.2,6339
2182,1,Vehicles,2519,19,4.0,5089
2755,4,Electronics,3024,14,3.5,5595
1654,13,Furniture,1830,10,3.9,3673
4999,6,Vehicles,3358,17,4.0,7659
3691,9,Vehicles,4200,9,3.4,5373
2196,13,Vehicles,1074,6,4.3,4542
4491,2,Vehicles,2820,11,4.6,7444
2148,1,Vehicles,4720,7,4.6,3758
1945,13,Furniture,2721,17,4.2,4449
4699,10,Furniture,4405,1,4.0,8446
4423,12,Vehicles,5849,5,3.1,8156
753,2,Electronics,3959,9,3.6,1856
3683,7,Furniture,4135,18,3.2,7522
3057,3,Electronics,2589,2,4.9,4333
598,10,Furniture,2523,11,3.3,1615
2700,2,Vehicles,2174,6,3.3,4880
3461,11,Furniture,2942,8,4.8,5164
4933,7,Vehicles,5975,4,4.9,7570
4277,13,Furniture,3943,18,4.5,8208
3369,13,Vehicles,5860,11,3.0,5574
3734,2,Vehicles,3834,5,3.0,5433
4291,3,Vehicles,2770,15,3.8,7003
1456,11,Vehicles,1059,18,3.3,3376
4567,7,Electronics,2741,2,3.0,7183
660,4,Vehicles,1841,11,3.9,2042
4993,13,Electronics,2335,13,4.9,9378
1800,1,Electronics,4700,4,3.6,3213
4487,13,Vehicles,2643,7,4.3,8441
2027,5,Electronics,5474,11,4.3,3551
1718,12,Furniture,4061,4,3.5,2874
4996,9,Vehicles,3680,15,4.3,9657
3604,8,Electronics,706,1,3.4,5532
3235,12,Vehicles,3967,3,3.2,6256
1454,9,Vehicles,2291,14,4.4,3291
3946,10,Vehicles,5628,6,3.2,7230
1545,9,Electronics,3964,18,5.0,3626
2193,7,Furniture,3306,1,3.4,3580
3936,4,Furniture,3919,6,4.2,6347
1062,5,Electronics,3973,6,3.8,2412
2985,1,Vehicles,1613,16,3.3,5692
3854,1,Electronics,2711,5,3.1,7367
725,3,Electronics,2142,17,4.2,2249
1459,13,Electronics,3754,10,4.6,2798
3567,8,Vehicles,4246,18,4.7,6492
1315,2,Electronics,4921,7,4.0,2814
3620,4,Vehicles,5612,3,4.6,6823
516,2,Electronics,3628,13,4.3,1806
1743,5,Furniture,2529,15,4.4,3965
2705,9,Electronics,1275,19,4.0,5164
3024,1,Electronics,1629,3,4.3,5328
1569,5,Furniture,4459,4,4.6,3375
3944,9,Vehicles,4399,5,3.8,5910
3065,1,Vehicles,2163,1,4.6,4931
1560,9,Electronics,3975,4,4.2,3421
2827,8,Furniture,5628,12,3.3,5795
3920,4,Vehicles,1754,10,3.0,6832
801,12,Electronics,2600,13,3.7,2229
4776,11,Furniture,2157,14,4.1,7656
1106,10,Vehicles,2099,5,4.7,2390
3670,5,Vehicles,4115,4,3.3,6801
1199,13,Furniture,1142,14,4.6,3091
1639,5,Furniture,4350,10,4.7,3222
690,11,Furniture,5352,17,3.3,2091
2800,12,Furniture,1878,10,4.7,4775
1480,6,Electronics,5158,7,5.0,2776
3475,7,Furniture,1957,16,4.5,5619
1684,8,Vehicles,4334,1,4.6,2954
3827,8,Vehicles,2541,17,5.0,6202
3894,11,Electronics,3009,9,4.2,5944
627,13,Vehicles,1610,6,3.6,1618
2565,2,Vehicles,5040,19,4.7,4751
2316,9,Furniture,5337,13,4.2,3937
1069,7,Vehicles,4709,3,4.2,2056
2395,4,Electronics,2869,7,3.5,3890
3233,4,Furniture,2872,9,4.5,5779
4363,11,Furniture,823,5,3.2,6073
4514,8,Electronics,3858,10,4.8,8432
3401,4,Furniture,1485,17,3.7,7150
2186,13,Furniture,3116,12,3.3,4528
3509,6,Electronics,1496,16,3.9,6522
654,5,Furniture,4872,3,3.1,1582
3037,3,Electronics,4854,9,4.4,5800
1909,13,Electronics,2636,15,4.8,3532
4557,10,Vehicles,2856,5,4.7,7265
1284,11,Vehicles,4507,13,3.3,3176
3675,2,Furniture,2001,14,3.3,6202
4841,9,Furniture,4863,15,4.6,7121
3306,10,Electronics,3840,16,4.8,6727
1037,9,Furniture,3936,13,3.9,2783
2341,1,Electronics,3052,17,4.0,4284
2955,10,Electronics,2632,8,3.6,5258
1024,3,Furniture,3421,2,4.8,1926
3450,8,Electronics,1064,5,4.3,6308
4631,6,Vehicles,5616,6,3.6,6971
4615,5,Furniture,3090,12,3.6,7373
2868,5,Vehicles,1646,18,4.8,6275
4347,6,Furniture,2077,1,3.0,6808
4995,7,Electronics,2139,17,3.6,9211
3201,1,Furniture,3880,11,4.1,5573
1471,9,Vehicles,5557,10,3.3,2858
1666,3,Electronics,1040,19,3.2,3894
3274,4,Furniture,3689,14,4.6,5393
2482,10,Furniture,1082,10,4.8,4513
1353,1,Furniture,5799,15,4.6,3003
4646,13,Vehicles,2256,19,4.8,8944
4236,11,Vehicles,999,4,4.1,8093
4269,10,Furniture,838,2,4.6,8232
1074,3,Electronics,1058,9,3.8,2408
3761,2,Electronics,5631,10,4.3,6013
1648,2,Vehicles,2222,11,5.0,3465
2215,1,Electronics,4156,14,3.5,4834
4354,8,Vehicles,2327,7,3.8,6492
2991,3,Furniture,2003,15,4.0,6447
3160,3,Vehicles,5704,19,3.3,5720
3624,6,Vehicles,1834,15,3.2,7562
3551,13,Furniture,2886,8,4.7,6917
504,8,Electronics,5791,11,5.0,1899
1376,13,Vehicles,3870,9,3.8,2743
1491,9,Vehicles,4535,15,3.2,2867
4642,9,Furniture,2851,1,3.1,6994
4864,4,Electronics,1937,1,4.8,7247
4965,5,Vehicles,4435,19,3.9,7409
1135,2,Furniture,3534,3,3.6,2216
2193,11,Vehicles,4960,10,4.0,4061
2182,9,Furniture,1698,8,3.6,4209
619,8,Electronics,3267,15,4.0,2123
1330,3,Electronics,2007,10,4.7,2662
4175,11,Electronics,1356,1,4.2,7927
1869,12,Electronics,3360,18,4.4,3792
1240,13,Vehicles,2911,2,3.7,2289
616,9,Vehicles,2609,19,4.5,2319
3338,3,Electronics,4430,13,4.3,6714
1650,9,Electronics,2746,1,3.2,2448
2431,2,Electronics,3862,2,4.1,4052
1512,12,Vehicles,1840,16,3.5,3534
2164,10,Electronics,966,15,4.6,4086
1581,9,Electronics,2545,13,3.9,3532
1012,8,Electronics,2408,16,5.0,3075
3349,9,Furniture,4330,17,3.2,7193
1059,5,Electronics,3911,7,4.6,2101
4172,11,Furniture,2993,17,4.3,6876
3843,11,Furniture,4432,7,4.5,6127
4570,2,Electronics,4529,13,3.6,7588
1970,8,Furniture,2210,5,4.0,3300
1080,12,Electronics,1175,17,4.6,2737
2794,6,Vehicles,1676,3,3.5,5453
3647,8,Vehicles,1907,7,3.5,7086
4749,11,Vehicles,5839,17,4.1,7092
2179,5,Vehicles,2660,7,4.0,3807
4006,10,Furniture,1257,1,3.6,6191
3244,2,Electronics,5813,17,3.6,5568
3856,6,Electronics,1582,17,3.6,7292
4545,5,Electronics,2894,11,4.5,8200
1743,12,Vehicles,5461,3,4.3,3561
3618,13,Vehicles,3367,15,4.7,7169
2641,12,Electronics,5659,11,5.0,5078
3559,5,Vehicles,5377,16,3.9,6856
3459,13,Electronics,5490,9,3.1,5479
2765,1,Electronics,2310,1,3.1,4661
2979,2,Electronics,4188,16,3.6,5609
2135,8,Electronics,3154,9,4.9,3672
2257,13,Electronics,5194,19,4.0,4386
4952,13,Electronics,2646,12,3.5,7759
2570,3,Electronics,5510,19,3.8,5839
3349,10,Vehicles,5499,9,4.2,5351
3751,3,Electronics,3508,7,4.3,5932
4230,8,Electronics,4525,14,3.3,7043
2989,8,Vehicles,4236,19,5.0,6227
2131,2,Vehicles,4502,19,4.1,4068
3316,8,Vehicles,4877,2,3.3,6307
1515,11,Electronics,5399,9,4.8,3534
1848,13,Furniture,2670,13,3.1,3817
3587,13,Furniture,4522,15,4.8,6985
3339,1,Vehicles,3519,3,5.0,4690
835,6,Furniture,1602,11,4.4,2161
1395,8,Vehicles,1064,14,4.5,3489
4046,3,Electronics,4958,8,3.7,5813
1351,8,Furniture,3819,18,4.9,3240
2187,12,Electronics,3258,19,4.1,4752
2431,1,Furniture,2563,16,4.5,4541
4246,11,Electronics,815,2,4.8,8054
2927,11,Furniture,3084,8,5.0,4642
2068,9,Electronics,5676,6,4.7,4241
4500,13,Electronics,4635,12,3.6,7731
3238,11,Furniture,5635,15,4.9,6583
3998,13,Electronics,3190,8,4.3,6372
4413,9,Electronics,5832,4,4.9,7347
1566,5,Electronics,1642,15,4.4,3874
4880,10,Furniture,2424,17,3.6,8433
2944,4,Furniture,3034,13,3.7,5188
4607,11,Electronics,3467,18,4.1,8320
3873,6,Electronics,1837,2,4.6,6874
4469,12,Furniture,3227,13,3.6,7562
3046,7,Furniture,4817,13,4.2,6441
1253,5,Electronics,4120,15,3.7,2845
2582,11,Electronics,5478,10,4.6,4794
3274,13,Electronics,4606,3,3.9,5955
3396,10,Vehicles,4337,19,3.2,6749
4685,9,Furniture,3653,3,3.3,8529
1275,3,Vehicles,3067,14,3.1,3302
2125,7,Furniture,4921,8,4.0,3894
3569,10,Furniture,976,4,3.2,5040
917,10,Furniture,2699,11,3.2,1987
614,11,Furniture,1927,11,4.9,2044
1116,5,Furniture,4452,11,4.7,2944
4474,7,Furniture,4435,2,3.9,6451
3767,2,Furniture,1395,17,5.0,6228
1325,4,Vehicles,2009,9,3.0,2389
2016,2,Electronics,4852,2,4.2,3934
3646,13,Electronics,3934,15,4.2,6226
912,13,Vehicles,4814,16,3.9,2504
1228,12,Vehicles,3011,4,3.8,2424
3848,7,Vehicles,3541,8,3.9,7345
3308,2,Vehicles,4908,9,3.8,6091
1175,13,Furniture,4259,5,4.5,2543
3965,11,Electronics,4098,16,3.3,6305
3004,1,Furniture,1241,13,3.4,5519
3467,9,Electronics,3394,7,3.4,6338
3286,1,Electronics,5374,17,3.5,7062
1622,8,Vehicles,1788,3,4.1,2702
4579,2,Furniture,4063,5,3.2,6091
2071,12,Vehicles,724,19,4.7,3998
2643,8,Furniture,2272,12,3.6,4727
2187,13,Electronics,3658,7,3.3,4381
4632,3,Vehicles,4936,9,4.4,6468
4351,6,Vehicles,2467,6,3.1,7023
3940,3,Electronics,5443,17,4.2,6776
4266,7,Electronics,2935,16,4.4,6493
2826,10,Electronics,900,3,3.4,4644
3414,9,Vehicles,3898,4,3.1,5128
4452,2,Furniture,956,10,3.7,7152
1095,12,Vehicles,4447,5,3.2,2347
1228,12,Furniture,5342,10,3.2,2677
1865,5,Vehicles,2941,12,3.5,3327
4992,13,Vehicles,3875,10,3.6,9730
1198,6,Electronics,4306,13,4.1,2954
895,4,Furniture,4036,11,4.4,2475
4671,4,Vehicles,5597,16,4.2,7047
4860,4,Vehicles,5737,8,3.3,6699
3002,2,Electronics,1113,8,3.3,4367
2319,4,Electronics,2714,8,4.8,3925
1217,11,Furniture,2081,13,4.1,2823
3282,1,Vehicles,1798,2,4.7,6351
4077,12,Furniture,4126,12,3.7,6980
643,6,Vehicles,4355,10,4.2,1803
3640,1,Furniture,1609,12,4.0,6595
4991,10,Electronics,887,11,3.6,7234
3438,6,Vehicles,4744,15,3.9,6522
4136,1,Furniture,4456,16,4.0,7573
3722,6,Electronics,2715,17,3.4,7425
1667,10,Electronics,2792,2,3.6,3447
3116,8,Furniture,4344,18,4.6,5568
1562,11,Vehicles,2830,12,4.8,3432
2656,2,Vehicles,5942,19,3.7,5955
3482,2,Electronics,1057,18,3.6,7078
3794,13,Vehicles,5885,17,3.4,6852
1656,12,Vehicles,3122,6,4.4,3666
1232,4,Vehicles,4957,15,3.6,2630
4830,11,Electronics,5245,3,5.0,9144
1453,3,Furniture,2197,6,3.7,2457
3039,4,Vehicles,5832,3,3.8,5174
3824,13,Electronics,2858,1,4.2,7101
3801,12,Electronics,3255,13,4.6,6270
2042,7,Furniture,3042,14,3.9,4118
1691,13,Vehicles,3651,13,3.8,3388
3493,11,Vehicles,1938,4,5.0,6887
3181,1,Furniture,1673,7,3.0,6039
1717,6,Furniture,5427,10,4.8,3770
2040,3,Electronics,4665,7,3.3,3847
3736,11,Electronics,1750,15,4.6,7532
2886,10,Furniture,4401,15,4.2,5312
4219,7,Vehicles,3480,4,3.7,6765
1888,10,Electronics,2288,6,4.7,3862
2356,2,Electronics,4578,5,3.0,3882
1865,2,Vehicles,3068,12,3.5,3259
999,13,Electronics,1136,1,4.1,1703
2180,4,Vehicles,3528,8,3.7,3536
1010,1,Vehicles,2256,1,4.2,2209
4812,3,Vehicles,5872,5,3.0,7687
1824,13,Furniture,4558,6,3.2,3588
1655,9,Furniture,2004,3,3.3,2856
2327,7,Furniture,3084,15,3.4,4243
3641,7,Vehicles,882,5,3.9,5767
3986,13,Vehicles,2289,14,4.5,7832
2310,13,Furniture,2287,18,4.8,5018
3423,11,Electronics,1359,16,4.7,7303
2714,4,Vehicles,859,6,3.4,5003
4686,2,Electronics,4653,14,3.9,8316
1213,4,Electronics,1711,8,3.4,2639
4102,6,Vehicles,752,7,3.5,7941
4634,11,Vehicles,5841,8,4.0,8552
4022,11,Electronics,5849,13,3.1,5844
4768,3,Electronics,3007,6,3.4,7889
1743,1,Furniture,1928,18,4.9,4201
4209,12,Furniture,1735,2,3.9,7431
1581,8,Vehicles,4402,8,3.9,2889
955,12,Furniture,4745,11,3.0,2492
1394,13,Furniture,5645,1,3.5,2872
1884,5,Furniture,5149,6,4.7,3298
2458,5,Furniture,5894,16,3.3,5381
3572,11,Electronics,5786,12,3.8,5474
2496,4,Vehicles,1964,11,3.0,3928
4785,6,Furniture,2584,10,4.0,7013
1004,3,Electronics,2509,3,3.0,1689
1714,9,Electronics,3867,13,4.6,4035
2031,5,Electronics,4497,3,4.6,3119
3940,3,Furniture,3041,15,4.6,6580
1323,11,Furniture,4114,16,3.6,2829
1428,1,Vehicles,5907,13,4.7,3086
633,10,Furniture,1517,17,4.1,2053
2605,12,Furniture,3137,3,3.7,4690
4127,6,Electronics,1588,11,4.3,6262
2352,2,Vehicles,5976,19,3.0,5274
4675,13,Furniture,1367,11,3.3,8782
3433,3,Furniture,5428,16,4.5,5397
3784,1,Electronics,3324,3,3.5,7074
4798,9,Electronics,4932,6,4.2,6560
3311,8,Furniture,5223,14,3.8,5529
1750,12,Vehicles,1518,18,4.7,3504
4012,2,Vehicles,2888,17,4.9,6962
1756,12,Electronics,1806,4,4.8,3328
3876,11,Electronics,2924,15,3.5,7603
3986,8,Furniture,897,11,3.4,6481
4084,12,Electronics,3371,3,3.9,7169
1896,9,Furniture,4192,3,3.0,2938
4137,1,Vehicles,3148,16,3.1,7937
3830,13,Vehicles,1170,5,4.1,5798
3203,5,Furniture,2648,10,4.0,5019
970,8,Electronics,5724,19,5.0,2721
1853,11,Vehicles,4599,4,3.4,2966
3283,2,Electronics,2710,19,3.5,6249
3331,4,Vehicles,4500,11,3.2,6555
857,7,Furniture,5701,2,4.8,1649
3519,3,Furniture,4818,10,4.6,6675
1167,13,Furniture,4496,11,4.6,2868
4968,12,Vehicles,4688,16,4.8,9842
1645,5,Electronics,934,19,4.0,3564
4685,8,Electronics,5920,11,3.9,7827
4219,12,Electronics,1628,14,3.7,8476
3245,10,Vehicles,4307,2,4.2,5699
1039,3,Vehicles,1222,5,3.9,2129
3279,4,Vehicles,4223,5,3.9,4833
4636,9,Vehicles,5226,19,4.9,7733
4275,7,Vehicles,5588,12,5.0,7720
3008,1,Electronics,2329,18,4.6,6265
3279,12,Vehicles,5328,4,4.5,4829
1424,4,Vehicles,2016,17,4.4,3511
3456,4,Electronics,3557,10,3.3,6118
2081,9,Vehicles,5708,6,3.1,3748
3824,6,Electronics,1824,14,4.4,7312
4985,9,Electronics,3287,11,4.5,9486
755,12,Furniture,1723,11,3.1,1912
2338,6,Furniture,2078,18,4.9,5442
2444,6,Furniture,4074,18,3.2,4388
509,5,Furniture,2219,11,3.6,1573
3371,5,Vehicles,926,12,4.3,5614
1297,2,Furniture,5668,5,3.3,2229
1515,8,Electronics,1591,9,3.1,2787
2324,8,Vehicles,4772,9,3.7,3757
4969,11,Furniture,5832,10,4.5,9362
3636,13,Electronics,2957,19,3.8,5996
2693,1,Vehicles,3488,1,4.3,4919
723,8,Vehicles,1096,7,4.2,1658
4658,5,Furniture,5919,4,3.0,8740
4425,2,Vehicles,2778,1,5.0,7748
4500,2,Electronics,5444,15,3.1,6478
2133,6,Vehicles,5124,8,4.9,4427
2652,11,Electronics,3937,12,4.1,5010
1010,13,Vehicles,4593,18,4.9,3074
884,9,Furniture,5747,15,3.2,2407
904,1,Electronics,2705,17,4.0,2682
2500,12,Vehicles,2716,14,3.3,5209
3256,6,Vehicles,3871,14,3.1,5708
2168,9,Vehicles,3368,18,4.2,3925
1960,8,Electronics,2578,18,3.4,4591
4136,11,Electronics,1896,16,4.2,7128
3224,6,Electronics,2472,1,3.2,5198
4678,3,Furniture,861,11,3.7,6555
2548,8,Furniture,4676,15,4.6,5019
4646,9,Electronics,2451,12,3.9,9315
1216,1,Vehicles,1475,8,4.3,2492
2323,12,Furniture,5847,6,4.3,4068
2581,9,Electronics,1639,3,4.7,4781
3919,6,Vehicles,3920,13,3.6,7628
2074,6,Furniture,1239,13,4.4,4098
749,12,Vehicles,5617,2,4.9,1627
1173,4,Vehicles,2161,5,4.5,2767
2665,1,Vehicles,5884,17,4.0,5530
1270,10,Vehicles,1055,6,4.3,2344
4462,8,Furniture,4304,2,4.5,6088
4863,2,Furniture,4023,4,4.2,7866
2484,12,Furniture,934,11,3.0,4158
1577,1,Electronics,2248,8,3.4,2872
735,2,Furniture,2796,12,4.6,2329
888,1,Vehicles,4913,8,3.5,1863
3537,1,Furniture,2801,11,4.5,6762
2348,9,Vehicles,2373,8,3.7,3969
3314,13,Electronics,5863,8,4.0,6288
3874,1,Vehicles,2800,17,3.1,7487
3778,13,Vehicles,4357,16,3.4,5690
1752,4,Vehicles,5353,14,4.9,3827
4481,10,Electronics,4296,11,4.8,6781
2622,6,Furniture,4448,7,4.3,5289
2650,7,Furniture,3873,16,3.9,5755
1829,2,Electronics,2515,13,4.4,3743
1858,6,Vehicles,4541,15,4.2,3895
2982,7,Furniture,2705,16,4.1,5331
2517,10,Electronics,5193,9,3.1,4862
1831,10,Furniture,1374,3,4.3,3171
4844,2,Electronics,1086,19,4.5,7991
4761,2,Vehicles,2858,5,5.0,7697
1858,10,Furniture,3361,10,3.0,3131
3677,7,Electronics,2764,17,4.5,7359
2628,12,Furniture,4551,15,4.1,4333
2680,1,Furniture,3953,8,3.9,5042
637,8,Furniture,5679,15,3.3,1914
3972,11,Furniture,5336,14,3.8,6400
3332,13,Electronics,4966,7,3.7,5989
4079,3,Vehicles,1439,12,3.6,8284
3531,11,Electronics,2101,17,4.5,7184
4664,6,Electronics,3959,17,4.4,7518
3093,9,Electronics,2977,10,4.2,4958
4800,6,Vehicles,4604,19,4.9,9694
4318,9,Furniture,4623,14,3.7,7402
4638,7,Furniture,4914,11,3.5,6846
4323,9,Furniture,3927,2,4.3,7954
4542,2,Vehicles,3531,18,3.4,8914
2406,12,Furniture,4458,7,3.6,5017
1260,8,Vehicles,3212,12,3.4,3139
3945,8,Furniture,2851,2,3.1,7160
1399,2,Furniture,4375,18,4.7,3092
4955,12,Electronics,3445,6,3.5,6906
3447,4,Vehicles,4566,10,3.9,6203
2219,11,Electronics,4464,15,3.1,4430
780,7,Electronics,2922,5,4.4,1840
3766,11,Electronics,3492,3,3.7,5935
2387,4,Vehicles,2397,5,4.5,4181
3766,4,Vehicles,4162,8,3.8,6585
1166,6,Furniture,4763,8,3.4,2140
4688,10,Electronics,2224,8,4.0,7158
1171,6,Furniture,5460,12,3.3,2699
2469,10,Electronics,732,8,3.9,4822
4656,3,Vehicles,4725,11,3.6,6983
3622,9,Vehicles,3266,14,4.8,6714
4400,12,Vehicles,3503,8,3.1,7876
1023,10,Electronics,4596,10,4.4,2440
2893,11,Vehicles,4409,7,3.4,4208
3617,2,Electronics,1419,17,3.6,6525
3093,6,Furniture,5279,4,3.8,4841
2468,12,Electronics,1672,13,4.8,5468
2253,7,Furniture,4418,4,3.5,3422
2796,12,Electronics,5102,5,3.2,5019
2761,13,Furniture,5252,4,3.6,3960
2786,9,Vehicles,2907,18,3.2,5309
4702,13,Furniture,5126,6,3.3,7835
3378,3,Vehicles,5020,2,4.1,5167
4643,10,Vehicles,3730,11,3.1,7699
4144,3,Furniture,4275,14,3.1,6389
4932,7,Electronics,3816,5,4.4,7508
2555,4,Electronics,3985,6,3.7,4688
1776,13,Electronics,5878,10,3.3,3282
3266,8,Electronics,1343,8,3.5,6432
802,13,Electronics,5411,14,4.3,2394
1138,7,Vehicles,894,3,3.6,2175
555,5,Electronics,4696,12,4.0,1678
1025,7,Vehicles,1188,16,3.2,2657
4623,3,Vehicles,2904,17,4.2,8938
2625,12,Vehicles,3357,1,3.6,3978
3787,2,Furniture,3976,10,4.3,7307
864,6,Furniture,1802,10,4.6,2127
2146,2,Vehicles,5943,2,4.2,4155
1418,3,Furniture,1941,9,3.6,2584
3297,6,Electronics,1215,13,3.5,6669
2031,5,Electronics,5923,16,3.7,4215
3845,8,Vehicles,1092,18,3.3,6528
2406,9,Electronics,1330,19,3.4,4559
3586,11,Vehicles,4416,12,4.6,6292
2575,3,Vehicles,2547,8,3.8,5413
1213,12,Electronics,3355,17,3.9,2855
1562,10,Furniture,1679,15,4.2,3141
2476,3,Electronics,5229,10,4.2,4760
1796,3,Electronics,4102,15,3.1,3741
625,13,Vehicles,4571,15,4.7,2166
4096,13,Vehicles,977,7,3.4,7244
3783,6,Vehicles,932,13,4.4,6235
2103,1,Vehicles,2252,17,4.5,4972
566,7,Furniture,5909,9,4.4,1717
732,12,Furniture,3970,8,4.2,1755
2656,1,Furniture,3109,18,3.0,5570
1669,5,Vehicles,4212,13,3.7,3666
2658,10,Vehicles,725,16,4.2,4913
4706,13,Vehicles,1160,9,3.8,8232
1993,8,Furniture,4464,12,4.7,3724
4507,4,Vehicles,4131,12,3.6,7571
2972,5,Electronics,5887,6,3.6,5830
3160,4,Electronics,5802,19,3.5,5345
3239,12,Vehicles,4183,7,3.7,5358
2261,12,Electronics,2694,3,4.1,4387
4014,4,Electronics,1190,16,4.4,8391
2475,12,Furniture,1772,18,4.3,4974
2862,8,Vehicles,3873,16,4.6,5565
1376,2,Vehicles,915,7,4.8,2953
4312,1,Furniture,2423,4,4.6,8246
3948,3,Electronics,2292,8,3.0,7470
1812,9,Electronics,3306,13,4.5,3459
1960,4,Vehicles,858,13,3.4,3855
3209,10,Electronics,5481,17,3.3,5924
2824,5,Furniture,4013,17,4.3,6005
2233,2,Furniture,3541,5,3.6,4097
2105,4,Vehicles,2476,6,3.1,3962
3063,2,Furniture,2752,19,3.3,6790
3921,2,Furniture,2995,13,3.0,5831
4017,4,Vehicles,2396,14,4.8,6537
2897,6,Furniture,3693,4,3.0,4685
4235,7,Furniture,3169,7,3.4,6655
3370,10,Furniture,2646,8,3.8,4867
1660,3,Electronics,4509,13,3.7,3103
742,3,Vehicles,3483,6,4.8,1973
3090,10,Vehicles,4344,6,3.1,5948
1563,6,Vehicles,5941,3,4.0,2907
4824,13,Electronics,3200,3,4.4,7939
3095,12,Electronics,4345,13,4.9,5327
1419,3,Vehicles,3345,2,4.2,2876
505,13,Electronics,3049,16,4.6,2093
967,2,Vehicles,2632,6,3.2,2121
4670,8,Electronics,3994,8,3.8,6979
503,5,Furniture,2457,8,3.7,1402
1145,1,Furniture,5785,6,4.8,2198
617,3,Vehicles,1816,14,3.3,1989
3428,10,Electronics,3267,3,3.3,6290
3051,8,Electronics,4199,10,3.7,6102
4789,4,Furniture,1192,3,3.1,7538
1346,7,Furniture,4006,12,3.4,3188
3262,10,Electronics,1319,17,4.9,7107
1641,12,Electronics,3932,5,3.9,2880
2310,2,Electronics,4523,9,4.3,4203
1223,7,Electronics,3080,7,4.5,2951
724,5,Electronics,2246,4,3.7,1585
4708,5,Electronics,5658,13,3.3,9211
2548,6,Vehicles,4263,13,3.4,5547
4915,13,Electronics,2305,10,3.6,8709
2073,9,Furniture,4452,18,4.3,4833
2328,6,Vehicles,5375,17,3.8,5070
2417,12,Electronics,2590,13,3.0,4864
4734,13,Furniture,1975,17,4.0,7802
2526,8,Vehicles,3443,4,4.8,3797
4244,7,Furniture,3193,1,4.6,6476
1401,9,Electronics,5958,1,4.7,2761
2539,4,Electronics,1056,15,4.6,4412
509,2,Electronics,1569,13,3.6,1624
760,7,Electronics,1585,17,4.5,2275
2173,6,Vehicles,2701,8,3.3,4270
2719,1,Vehicles,1983,18,4.3,6179
2560,11,Furniture,1319,13,4.3,5661
4213,9,Electronics,1582,14,3.1,7314
2119,9,Furniture,1496,8,4.6,4508
820,12,Vehicles,4342,8,4.8,2226
1842,2,Electronics,4125,15,3.5,3864
2876,3,Electronics,1996,13,4.6,5549
3332,5,Vehicles,5414,7,3.2,4942
3324,5,Vehicles,944,5,4.2,6528
2494,1,Vehicles,3595,17,4.0,4769
3458,8,Vehicles,1629,16,4.1,6285
2538,12,Vehicles,1219,2,4.9,4658
3990,8,Electronics,3912,18,4.7,6957
4177,4,Vehicles,3109,17,4.6,6959
1618,13,Electronics,707,7,3.5,3254
2104,7,Electronics,3225,13,4.8,3686
4527,11,Vehicles,4123,18,3.2,8610
735,10,Vehicles,2719,14,4.7,2278
2469,3,Electronics,5290,18,3.7,5130
4929,6,Vehicles,5858,13,3.1,8743
2408,10,Vehicles,4982,11,4.3,4631
875,13,Vehicles,4367,16,3.5,2505
4030,10,Furniture,4371,17,3.5,7689
3135,12,Electronics,3501,8,3.6,5938
2070,9,Furniture,785,19,3.1,4647
3060,1,Vehicles,3815,15,3.4,6358
3891,5,Furniture,4932,9,3.0,5861
3465,4,Vehicles,3168,10,3.9,5881
4143,8,Furniture,4319,12,3.2,8247
4350,11,Vehicles,2336,1,4.4,6745
1372,12,Furniture,4283,9,3.5,2549
1752,1,Furniture,4709,15,4.9,3894
1814,9,Furniture,4026,1,4.7,2815
3398,6,Electronics,2918,12,3.6,5451
577,4,Furniture,2917,3,4.6,1648
3121,12,Electronics,5667,11,4.6,5768
4727,9,Vehicles,3069,2,5.0,7078
1100,11,Furniture,4338,16,4.2,3196
1565,5,Vehicles,3203,9,3.2,3555
2636,5,Vehicles,1643,15,4.3,5040
2949,12,Furniture,3537,12,4.2,5019
2843,5,Electronics,3360,1,4.3,5321
2363,1,Furniture,3636,13,3.6,4860
1818,1,Vehicles,5144,14,4.7,4100
4097,8,Vehicles,4647,8,4.9,8001
4262,12,Furniture,2376,8,3.4,7617
2690,8,Electronics,1896,12,3.2,4606
1492,12,Electronics,4805,1,3.4,2801
3212,6,Vehicles,3487,11,4.6,5453
2692,12,Vehicles,2161,8,4.4,5296
1748,11,Electronics,4018,10,4.3,3677
3554,13,Furniture,1366,19,3.8,5759
4533,4,Vehicles,2876,11,4.2,7804
2497,2,Electronics,4443,7,3.6,4220
4187,2,Vehicles,1300,11,4.0,6799
2651,9,Furniture,3352,17,4.6,5449
4518,5,Electronics,5122,1,5.0,6845
3610,4,Vehicles,4524,8,4.9,6904
2470,10,Furniture,4606,6,4.9,3858
697,13,Vehicles,1679,18,3.8,2392
3126,1,Furniture,3151,6,3.9,5958
1702,7,Furniture,1328,5,4.4,3419
2535,3,Electronics,2329,13,4.8,4928
977,6,Furniture,4396,19,3.3,3009
1754,5,Vehicles,4130,8,3.6,3180
1422,5,Furniture,4374,9,3.3,2502
919,11,Furniture,4629,17,4.2,2610
2704,5,Electronics,3465,3,3.6,3808
3097,1,Furniture,5069,19,3.7,6809
1620,1,Furniture,5480,11,3.1,3008
3568,3,Vehicles,815,17,3.7,7190
1450,12,Electronics,5656,19,4.7,3833
2836,10,Electronics,2703,2,3.5,4223
2743,4,Electronics,1392,8,4.4,5154
3145,5,Furniture,3862,19,4.3,5244
2357,2,Electronics,1805,7,4.7,4332
2365,8,Furniture,3708,17,3.3,4038
3412,11,Furniture,2861,6,5.0,6780
3353,11,Vehicles,853,19,4.2,7357
3728,2,Vehicles,4399,6,5.0,5770
4219,9,Vehicles,5110,2,4.8,6169
3728,2,Vehicles,4486,6,3.4,6799
2871,13,Vehicles,1764,5,3.1,4441
3391,9,Furniture,4900,19,3.5,7190
4256,7,Furniture,2613,4,4.1,7182
4725,8,Electronics,1916,17,3.3,7844
594,11,Furniture,3101,11,3.3,1889
3174,2,Furniture,2472,4,3.9,5338
2455,7,Vehicles,2660,13,3.1,5248
1293,12,Furniture,3480,17,3.2,3441
2334,6,Vehicles,5504,9,3.8,3862
2616,4,Electronics,5446,4,3.1,3652
4606,7,Electronics,3571,14,3.8,9326
3825,13,Furniture,5742,19,3.9,8009
3419,4,Electronics,1360,3,3.9,4756
3097,2,Furniture,3335,14,4.7,6434
3705,10,Electronics,3029,8,4.1,6273
1314,12,Vehicles,4654,1,3.9,2220
845,7,Vehicles,3150,10,3.8,2339
2849,8,Vehicles,1832,18,4.6,5114
862,2,Vehicles,1399,16,4.8,2804
2943,5,Furniture,2738,8,4.7,4764
2765,1,Electronics,5347,1,4.3,4816
2688,7,Furniture,5200,12,3.3,4515
3505,8,Vehicles,5257,8,3.6,6113
3781,13,Furniture,2879,16,3.1,7198
1484,6,Electronics,3538,18,4.9,3340
2139,5,Furniture,1573,4,4.3,3865
1327,6,Electronics,783,6,4.5,2715
3230,2,Furniture,2122,12,3.6,4973
4031,1,Electronics,3375,9,4.7,7736
4951,7,Electronics,3880,15,3.5,8038
3435,7,Vehicles,5016,16,3.0,6406
4376,10,Electronics,4675,12,3.8,7582
626,11,Vehicles,2091,14,4.1,2053
3677,10,Vehicles,3918,13,4.0,5698
3556,2,Vehicles,4907,2,4.7,5740
1103,2,Furniture,1314,3,3.2,2092
3949,1,Furniture,3671,10,4.1,7387
4646,10,Furniture,4265,9,4.0,8766
4033,8,Furniture,4276,8,3.6,6918
3867,8,Electronics,5270,10,4.6,5801
3868,1,Electronics,970,19,4.5,6591
4297,12,Furniture,4766,3,4.5,6181
2292,11,Electronics,3168,5,4.8,3651
3361,8,Electronics,2090,3,4.4,5361
3976,9,Vehicles,4054,16,3.5,6468
3917,4,Vehicles,4835,17,4.4,6503
2145,1,Vehicles,5789,15,3.6,3754
1705,1,Vehicles,4307,3,3.5,2564
3530,3,Electronics,3283,12,3.1,5363
3372,5,Furniture,4773,9,4.5,5294
3572,5,Electronics,3775,12,4.4,6250
2354,9,Electronics,4606,15,3.5,4645
4521,10,Electronics,989,2,4.5,6356
3208,12,Vehicles,3180,18,4.8,6047
4002,2,Vehicles,3952,12,3.2,6543
1832,2,Vehicles,978,4,3.5,2950
701,6,Furniture,3624,16,4.5,2094
4007,9,Electronics,1280,16,3.5,7081
4712,1,Furniture,5658,1,4.2,8062
1074,9,Vehicles,953,2,3.2,1854
1036,9,Furniture,4976,3,3.9,1865
2125,13,Electronics,5476,17,4.5,4980
2622,9,Electronics,1524,1,4.4,4069
885,5,Vehicles,4532,6,4.6,1940
3781,13,Vehicles,1399,15,4.8,7711
974,9,Furniture,2080,14,4.5,2796
917,11,Vehicles,4596,15,4.3,2527
4100,4,Vehicles,2373,14,3.1,7133
1454,2,Electronics,3427,5,4.1,2594
1705,13,Vehicles,3856,6,3.1,2736
4620,6,Vehicles,4088,17,4.6,8443
2490,4,Electronics,5007,11,3.6,4044
4072,6,Electronics,1083,16,4.1,7194
4880,3,Furniture,1041,12,3.6,9569
4658,6,Vehicles,2687,15,4.6,9462
3213,2,Electronics,4759,4,4.8,4996
2703,2,Furniture,5639,18,3.8,5535
3620,13,Furniture,3809,3,4.7,5993
1466,9,Vehicles,4782,8,3.5,3279
3932,7,Vehicles,5215,3,4.1,5918
1188,3,Furniture,3498,8,4.7,2298
4743,13,Electronics,3940,18,3.7,7424
4201,11,Furniture,2688,10,4.9,6912
841,1,Vehicles,4114,17,3.2,2338
2224,8,Electronics,2549,8,3.0,4424
4922,6,Electronics,1005,11,4.8,8946
2292,7,Furniture,4313,5,3.1,3722
2259,9,Vehicles,3449,13,5.0,4481
3712,5,Furniture,5664,5,4.9,5407
1489,1,Furniture,1835,13,3.3,3569
2762,12,Furniture,905,6,4.1,5574
2982,10,Electronics,5291,5,3.4,5921
1451,7,Electronics,4150,9,3.9,3337
1222,5,Vehicles,4511,16,3.1,2703
3889,3,Vehicles,4322,2,3.4,5214
2579,12,Furniture,4299,1,3.7,4411
3217,13,Furniture,3251,8,3.9,6411
2832,9,Furniture,5841,19,5.0,5149
3876,1,Vehicles,5008,11,4.6,5677
2000,1,Electronics,1009,12,4.5,4416
785,1,Electronics,3408,12,4.1,1988
3995,3,Furniture,2691,7,4.7,6605
2565,12,Furniture,971,13,3.7,5142
1268,6,Furniture,4342,8,4.4,2541
3557,10,Furniture,4786,9,5.0,5397
4789,11,Vehicles,2522,7,3.6,8669
2661,3,Electronics,3973,15,4.3,5379
3793,8,Furniture,5238,2,4.7,7371
1446,10,Vehicles,5049,12,4.8,3113
3835,2,Furniture,1220,1,4.4,5234
4650,9,Furniture,1676,8,3.6,8388
1981,3,Electronics,4422,5,3.7,3617
2401,5,Furniture,4251,15,3.0,4238
3951,10,Electronics,4805,1,4.5,7094
4564,8,Electronics,3473,1,3.1,6394
554,2,Electronics,3252,10,4.7,1721
2323,6,Vehicles,3532,10,3.2,3736
3962,12,Vehicles,4607,15,3.3,6783
3579,5,Electronics,5930,17,4.0,6444
1332,13,Furniture,852,6,4.5,2759
4908,10,Electronics,3664,3,3.3,8457
3306,9,Furniture,3616,13,3.9,6804
2990,12,Electronics,3500,16,4.0,5035
827,5,Furniture,2452,8,3.4,1759
3810,2,Vehicles,3310,15,3.2,5684
3800,5,Furniture,4575,17,4.7,6207
4175,12,Electronics,1804,17,4.0,7908
3554,4,Vehicles,3236,13,3.0,6766
2643,11,Furniture,5690,17,4.6,5728
1811,7,Furniture,5907,6,5.0,3238
3691,6,Furniture,4899,17,4.2,6376
3038,2,Furniture,4554,16,4.0,5726
4483,12,Furniture,4194,14,4.8,6729
664,11,Vehicles,2614,13,4.9,2180
4777,11,Vehicles,3772,6,4.5,9301
1322,13,Vehicles,1706,3,3.9,2412
1443,5,Vehicles,1106,14,4.2,3503
4925,7,Electronics,866,14,4.4,8527
1274,11,Vehicles,1208,15,3.4,2716
2698,7,Furniture,2361,8,3.9,4970
3656,5,Furniture,4364,15,4.7,6265
4742,12,Vehicles,4189,13,4.3,6868
4195,9,Furniture,5558,17,3.8,7862
3952,4,Vehicles,1380,3,4.3,7359
1414,11,Furniture,3224,6,3.2,2609
1808,3,Electronics,2820,5,3.8,3222
4677,4,Electronics,5960,17,4.6,9422
1013,5,Vehicles,5377,2,3.4,2150
2420,13,Vehicles,5057,15,3.4,5032
4094,6,Vehicles,2063,5,4.9,6263
1909,3,Furniture,2031,6,3.4,3973
3690,2,Vehicles,2992,6,3.5,5419
4991,13,Electronics,2238,18,4.9,9256
2055,4,Furniture,4108,18,4.5,3851
1304,5,Vehicles,1260,4,4.4,2708
1779,4,Furniture,1799,17,4.7,3750
4077,11,Furniture,2603,14,3.2,7012
3401,13,Vehicles,874,14,4.4,5925
1887,12,Furniture,2856,13,4.0,3509
3261,3,Electronics,2930,7,4.7,5950
3179,8,Electronics,4987,12,4.0,6497
2606,10,Furniture,4860,15,4.2,5796
4723,4,Vehicles,4620,19,4.0,7562
3268,2,Furniture,2197,11,4.0,6278
